id;title;content;create_time;update_time;user_id;status
1;Singapore Mexico;Lorem Ipsum is simply dummy text of the printing and typesetting industry. Lorem Ipsum has been the industry's standard dummy text ever since the 1500s, when an unknown printer took a galley of type and scrambled it to make a type specimen book. It has survived not only five centuries, but also the leap into electronic typesetting, remaining essentially unchanged. It was popularised in the 1960s with the release of Letraset sheets containing Lorem Ipsum passages, and more recently with desktop publishing software like Aldus PageMaker including versions of Lorem Ipsum.Lorem Ipsum is simply dummy text of the printing and typesetting industry. Lorem Ipsum has been the industry's standard dummy text ever since the 1500s, when an unknown printer took a galley of type and scrambled it to make a type specimen book. It has survived not only five centuries, but also the leap into electronic typesetting, remaining essentially unchanged.;2022-04-26T09:00:04;2022-04-26T10:52:23;1;Draft
2;Buckinghamshire;solutions;2022-04-26T03:04:13;2022-04-26T09:51:46;2;Published
3;next-generation Pataca;payment;2022-04-26T06:38:12;2022-04-26T00:50:35;1;Draft
4;mobile Dinar Fully-configurable;Suriname system compress;2022-04-26T11:07:07;2022-04-26T05:12:01;1;Draft
5;Illinois enterprise;collaborative Costa Shoes;2022-04-25T19:10:23;2022-04-26T07:22:45;2;Published
6;withdrawal Sleek Netherlands;Digitized;2022-04-25T23:18:04;2022-04-25T21:59:58;2;Published
7;Soft Cotton;Technician;2022-04-26T02:14:32;2022-04-25T15:22:55;1;Published
8;connecting;clicks-and-mortar Handmade;2022-04-26T09:51:06;2022-04-25T12:37:46;1;Draft
9;Keys program;Qatari Fish redundant;2022-04-25T16:47:24;2022-04-25T15:12:01;2;Draft
10;generate Rhode connecting;Gateway deposit;2022-04-25T21:00:03;2022-04-26T10:53:49;2;Published
